round,accuracy,elapsed_time
1,0.6470588235294118,155.89419746398926
2,0.6838235294117647,202.42426896095276
