round,accuracy,elapsed_time
1,0.6838235294117647,153.68666982650757
2,0.6838235294117647,202.92199540138245
