round,accuracy,elapsed_time
1,0.3161764705882353,156.17825555801392
2,0.6838235294117647,204.13507628440857
3,0.6838235294117647,266.2605800628662
