round,accuracy,elapsed_time
1,0.6838235294117647,164.29498648643494
2,0.3161764705882353,234.270024061203
3,0.3161764705882353,292.9661145210266
